{
  "sha": "d8db3b7aed414e4f726df5cb58624e0f9be57394",
  "branch": "tournament/r19/w03",
  "scoredAt": "2026-05-22T19:20:23.778Z",
  "ete": "pass",
  "guardViolation": null,
  "pairs": {
    "lumaai-typescript": {
      "behavioral": null,
      "signatureParity": null,
      "symbolCoverage": null,
      "fileCoverage": null,
      "structural": null,
      "composite": null
    },
    "lumaai-python": {
      "behavioral": null,
      "signatureParity": null,
      "symbolCoverage": null,
      "fileCoverage": null,
      "structural": null,
      "composite": null
    },
    "papr-typescript": {
      "behavioral": null,
      "signatureParity": 0.975,
      "symbolCoverage": 0.3194888178913738,
      "fileCoverage": 0.3076923076923077,
      "structural": 0.21875,
      "composite": 0.6359908761366428
    },
    "papr-python": {
      "behavioral": null,
      "signatureParity": 1,
      "symbolCoverage": 0.027823240589198037,
      "fileCoverage": 0,
      "structural": 0,
      "composite": 0.5083469721767594
    },
    "honcho-typescript": {
      "behavioral": null,
      "signatureParity": 0.9666666666666667,
      "symbolCoverage": 0.3879310344827586,
      "fileCoverage": 0.13432835820895522,
      "structural": 0.08888888888888889,
      "composite": 0.6220343683879452
    },
    "honcho-python": {
      "behavioral": null,
      "signatureParity": 1,
      "symbolCoverage": 0.03015075376884422,
      "fileCoverage": 0,
      "structural": 0,
      "composite": 0.5090452261306533
    }
  },
  "aggregates": {
    "behavioralValues": [
      null,
      null,
      null,
      null,
      null,
      null
    ],
    "behavioralMean": 0,
    "signatureMean": 0.9854166666666667,
    "symbolMean": 0.19134846168304367,
    "fileMean": 0.11050516647531573,
    "structuralMean": 0.07690972222222223,
    "t1": 0,
    "t2": 0.5688543607080002
  }
}