{
  "sha": "23520bca9019ec64a85e6c0a2a72abbf23795c6d",
  "branch": "tournament/r19/w03",
  "scoredAt": "2026-05-22T19:08:39.992Z",
  "ete": "pass",
  "guardViolation": null,
  "pairs": {
    "lumaai-typescript": {
      "behavioral": null,
      "signatureParity": null,
      "symbolCoverage": null,
      "fileCoverage": null,
      "structural": null,
      "composite": null
    },
    "lumaai-python": {
      "behavioral": null,
      "signatureParity": null,
      "symbolCoverage": null,
      "fileCoverage": null,
      "structural": null,
      "composite": null
    },
    "papr-typescript": {
      "behavioral": null,
      "signatureParity": 0.975,
      "symbolCoverage": 0.3194888178913738,
      "fileCoverage": 0.17307692307692307,
      "structural": 0.125,
      "composite": 0.6131543376751044
    },
    "papr-python": {
      "behavioral": null,
      "signatureParity": 1,
      "symbolCoverage": 0.027823240589198037,
      "fileCoverage": 0,
      "structural": 0,
      "composite": 0.5083469721767594
    },
    "honcho-typescript": {
      "behavioral": null,
      "signatureParity": 0.9666666666666667,
      "symbolCoverage": 0.3879310344827586,
      "fileCoverage": 0.11940298507462686,
      "structural": 0.022222222222222223,
      "composite": 0.6138751644078458
    },
    "honcho-python": {
      "behavioral": null,
      "signatureParity": 1,
      "symbolCoverage": 0.03015075376884422,
      "fileCoverage": 0,
      "structural": 0,
      "composite": 0.5090452261306533
    }
  },
  "aggregates": {
    "behavioralValues": [
      null,
      null,
      null,
      null,
      null,
      null
    ],
    "behavioralMean": 0,
    "signatureMean": 0.9854166666666667,
    "symbolMean": 0.19134846168304367,
    "fileMean": 0.07311997703788749,
    "structuralMean": 0.03680555555555556,
    "t1": 0,
    "t2": 0.5611054250975908
  }
}